Model,Upholstry
M4 Convertible,Silverstone Full Merino Leather
M760i xDrive Sedan,Ivory White and Black Dakota Leather
M4 Coupe,Black Extended Merino Leather
xDrive28i,Sensatec Oyster
530i xDrive Sedan,Black Vernasca Leather with contrast stitching
xDrive50i,Ivory White Vernasca Leather
xDrive40i,Coffee Extended Merino Leather
sDrive28i,Black SensaTec
M4 Convertible,Sonoma Beige Extended Merino Leather
xDrive40i,Black Extended Merino Leather
ALPINA B6 xDrive Gran Coupe,Canberra Beige Nappa Leather
M4 Convertible,Silverstone Extended Merino Leather
M550i xDrive Sedan,Oyster Vernasca Leather with contrast stitching
M5 Competition,Silverstone Full Merino Leather
xDrive30i,Black Vernasca Leather with contrast stitching
740i xDrive Sedan,Mocha Dakota Leather
540i Sedan,Black SensaTecm
xDrive30i,Black SensaTec
540i xDrive Sedan,Oyster Vernasca Leather with contrast stitching
330i Sedan,piping
M550i xDrive Sedan,Black Vernasca Leather with contrast stitch
M35i,Ivory White and Black Dakota Leather
xDrive28i,Black with Blue Highlight Dakota Leather
530e iPerformance,Black SensaTecm
M550i xDrive Sedan,Mocha Vernasca Leather with contrast stitching
330i xDrive Sports Wagon,piping
sDrive28i,Oyster Dakota Leather
sDrive30i,Cognac Vernasca Leather with contrast stitching
M35i,Magma Red Dakota Leather
ALPINA B6 xDrive Gran Coupe,Mocha Nappa Leather
330i xDrive Sedan,piping
xDrive50i,Cognac Vernasca Leather with contrast stitching
sDrive28i,Sensatec Oyster
BMW i3,Deka Dark Cloth
sDrive30i,piping
530e iPerformance,Cognac Vernasca Leather with contrast stitching
530i Sedan,piping
ALPINA B7 xDrive,Cognac Nappa Leather
M850i xDrive Coupe,Ivory White and Black Dakota Leather
M5 Competition,Black Full Merino Leather
xDrive50i,Black Bi-Color Nappa Leather
M40i,Black Vernasca Leather with contrast stitching
xDrive50i,Black Vernasca Leather with contrast stitching
M40i,Mocha Vernasca Leather with contrast stitching
740i Sedan,Ivory White and Black Dakota Leather
M5 Competition,Aragon Brown Full Merino Leather
sDrive28i,Ivory White and Black Dakota Leather
740e xDrive iPerformance,Canberra Beige Dakota Leather
M5 Sedan,Silverstone Full Merino Leather
M550i xDrive Sedan,piping
M40i,Canberra Beige Nappa Leather
xDrive35i,Ivory White and Black Dakota Leather
xDrive50i,Coffee Vernasca Leather
540i Sedan,piping
M6 Gran Coupe,Black Full Merino Leather
640i xDrive Gran Turismo,Canberra Beige Nappa Leather
330i xDrive Sports Wagon,Black Vernasca Leather with contrast stitch
540i xDrive Sedan,piping
M760i xDrive Sedan,Cognac Dakota Leather
xDrive50i,Canberra Beige Vernasca Leather
xDrive35i,Criollo Brown Extended Merino Leather
xDrive30i,Black Vernasca Leather with blue contrast stitching
M2 Competition,Black Dakota Leather with blue stitching
xDrive28i,Ivory White and Black Dakota Leather
xDrive30i,Black SensaTecm
330i Sedan,Oyster Vernasca Leather with contrast stitching
330i xDrive Gran Turismo,piping
BMW i8 Roadster,Giga Amido Full Perforated Leather
530e xDrive iPerformance,Cognac Vernasca Leather with contrast stitching
740e xDrive iPerformance,Ivory White and Black Dakota Leather
ALPINA B6 xDrive Gran Coupe,Cognac Nappa Leather
ALPINA B7 xDrive,Zagora Beige Nappa Leather
xDrive50i,Ivory White and Black Dakota Leather
740i xDrive Sedan,Ivory White and Black Dakota Leather
M760i xDrive Sedan,Mocha Dakota Leather
xDrive40i,Tartufo Extended Merino Leather
Z4 sDrive30i,Black SensaTec
xDrive40i,Black Vernasca Leather with Brown ContrastStitching
M40i,piping
BMW i8 Roadster,Giga Ivory White Full Perforated Leather
540i Sedan,Cognac Vernasca Leather with contrast stitching
BMW i8 Coupe,Giga Ivory White Full Perforated Leather
xDrive40i,Ivory White Extended Merino leather
640i xDrive Gran Turismo,Oyster Vernasca Leather with contrast stitching
750i Sedan,Ivory White and Black Dakota Leather
740e xDrive iPerformance,Cognac Dakota Leather
M2 Competition,Black Dakota Leather with orange stitching
340i xDrive Gran Turismo,Black Vernasca Leather with contrast stitching
530i Sedan,Black Vernasca Leather with contrast stitching
330i xDrive Sedan,Mocha Vernasca Leather with contrast stitching
sDrive30i,Black Vernasca Leather with contrast stitch
540i Sedan,Mocha Vernasca Leather with contrast stitching
330i Sedan,Black SensaTecm
750i xDrive Sedan,Cognac Dakota Leather
M4 Convertible,Black Extended Merino Leather
M3 Sedan,Black Full Merino Leather
xDrive28i,Magma Red Dakota Leather
M850i xDrive Coupe,Mocha Dakota Leather
M4 Coupe,Sonoma Beige Extended Merino Leather
M4 Coupe,Silverstone Extended Merino Leather
xDrive30i,Oyster Vernasca Leather with contrast stitching
sDrive28i,Black
M3 Sedan,Sakhir Orange
M5 Sedan,Aragon Brown Extended Merino Leather
M760i xDrive Sedan,Canberra Beige Dakota Leather
740e xDrive iPerformance,Mocha Dakota Leather
330i xDrive Gran Turismo,Oyster Vernasca Leather with contrast stitching
xDrive28i,Black SensaTec
530i Sedan,Mocha Vernasca Leather with contrast stitching
540i xDrive Sedan,Mocha Vernasca Leather with contrast stitching
540i Sedan,Black Vernasca Leather with contrast stitching
640i xDrive Gran Turismo,Cognac Vernasca Leather with contrast stitching
xDrive40i,Canberra Beige Nappa Leather
M850i xDrive Coupe,Cognac Dakota Leather
sDrive35i,Ivory White and Black Dakota Leather
xDrive50i,Coffee Extended Merino Leather
sDrive30i,Mocha Vernasca Leather with contrast stitching
xDrive50i,Night Blue Full Leather Merino
M5 Sedan,Black Full Merino Leather
xDrive35i,Amaro Brown Extended Merino Leather
M550i xDrive Sedan,Cognac Vernasca Leather with contrast stitching
M4 Convertible,Sakhir Orange
M5 Sedan,Silverstone Extended Merino Leather
M4 Convertible,Black Full Merino Leather
M4 Coupe,Silverstone Full Merino Leather
sDrive28i,Mocha Dakota Leather
xDrive40i,Canberra Beige Vernasca Leather
330i Sedan,Cognac Vernasca Leather with contrast stitching
sDrive28i,Black with Blue Highlight Dakota Leather
M6 Gran Coupe,Black Extended Merino Leather
740i Sedan,Cognac Dakota Leather
750i Sedan,Mocha Dakota Leather
M35i,Black
M3 Sedan,Sonoma Beige Full Merino Leather
xDrive30i,piping
530e xDrive iPerformance,Canberra Beige Nappa Leather
sDrive35i,Cognac Dakota Leather
M4 Coupe,Black Full Merino Leather
530i Sedan,Black SensaTec
540i xDrive Sedan,Black SensaTec
330i xDrive Sports Wagon,Black SensaTecm
530i xDrive Sedan,piping
750i Sedan,Canberra Beige Dakota Leather
640i xDrive Gran Turismo,piping
640i xDrive Gran Turismo,Black SensaTecm
M4 Coupe,Sakhir Orange
M850i xDrive Coupe,Black Dakota Leather
330i Sedan,Black SensaTec
xDrive30i,Canberra Beige Nappa Leather
M550i xDrive Sedan,Canberra Beige Nappa Leather
ALPINA B7 xDrive,Mocha Nappa Leather
xDrive28i,Mocha Dakota Leather
330i xDrive Sports Wagon,Mocha Vernasca Leather with contrast stitching
xDrive40i,Ivory White and Black Dakota Leather
530i xDrive Sedan,Oyster Vernasca Leather with contrast stitching
530i Sedan,Cognac Vernasca Leather with contrast stitching
530e xDrive iPerformance,piping
750i Sedan,Cognac Dakota Leather
xDrive30i,Cognac Vernasca Leather with contrast stitching
M40i,Oyster Vernasca Leather with contrast stitching
540i Sedan,Canberra Beige Nappa Leather
340i xDrive Gran Turismo,piping
M35i,Black SensaTec
M4 Convertible,Sonoma Beige Full Merino Leather
530e xDrive iPerformance,Black SensaTecm
330i Sedan,Canberra Beige
330i xDrive Gran Turismo,Canberra Beige Nappa Leather
xDrive50i,Canberra Beige Nappa Leather
750i xDrive Sedan,Canberra Beige Dakota Leather
530e iPerformance,Black SensaTec
xDrive35i,Black Bi-Color Nappa Leather
340i xDrive Gran Turismo,Cognac Vernasca Leather with contrast stitching
M6 Gran Coupe,Aragon Brown Full Merino Leather
740e xDrive iPerformance,Black Dakota Leather
330i xDrive Gran Turismo,Canberra Beige
sDrive30i,Black Vernasca Leather with contrast stitching
740i Sedan,Canberra Beige Dakota Leather
xDrive28i,Black Dakota Leather
530e xDrive iPerformance,Oyster Vernasca Leather with contrast stitching
530e iPerformance,Black Vernasca Leather with contrast stitching
xDrive50i,Tartufo Extended Merino Leather
330i Sedan,Black Vernasca Leather with contrast stitching
530e xDrive iPerformance,Black Vernasca Leather with contrast stitching
330i xDrive Sports Wagon,Black Vernasca Leather with contrast stitching
530i xDrive Sedan,Black SensaTec
330i Sedan,Canberra Beige Nappa Leather
sDrive35i,Terra Dakota Leather
M5 Competition,Black Extended Merino Leather
M40i,Cognac Vernasca Leather with contrast stitching
540i xDrive Sedan,Cognac Vernasca Leather with contrast stitching
640i xDrive Gran Turismo,Mocha Vernasca Leather with contrast stitching
330i xDrive Sports Wagon,Canberra Beige
xDrive40i,Black Vernasca Leather with contrast stitching
M3 Sedan,Leather combination Carbonstructure Anthracite
sDrive35i,Black Dakota Leather
xDrive50i,Nutmeg Extended Merino Leather
BMW i8 Coupe,Giga Amido Full Perforated Leather
M5 Competition,Aragon Brown Extended Merino Leather
xDrive30i,Black Vernasca Leather with contrast stitch
530i xDrive Sedan,Cognac Vernasca Leather with contrast stitching
xDrive50i,Criollo Brown Extended Merino Leather
M40i,Canberra Beige
xDrive50i,Amaro Brown Extended Merino Leather
xDrive50i,Black Extended Merino Leather
xDrive50i,Coral Red
530i xDrive Sedan,Canberra Beige Nappa Leather
xDrive50i,Black Vernasca Leather
xDrive50i,Smoke White Extended Merino Leather
ALPINA B7 xDrive,Canberra Beige Nappa Leather
M3 Sedan,Black Extended Merino Leather
xDrive40i,Ivory White Vernasca Leather
530i xDrive Sedan,Mocha Vernasca Leather with contrast stitching
xDrive40i,Coffee Vernasca Leather
sDrive35i,Canberra Beige Nappa Leather
xDrive40i,Black SensaTec
330i xDrive Sedan,Oyster Vernasca Leather with contrast stitching
ALPINA B7 xDrive,Ivory White and Black Nappa Leather
530e iPerformance,piping
530e xDrive iPerformance,Mocha Vernasca Leather with contrast stitching
330i xDrive Sports Wagon,Oyster Vernasca Leather with contrast stitching
640i xDrive Gran Turismo,Black SensaTec
540i xDrive Sedan,Canberra Beige Nappa Leather
M40i,Black SensaTec
xDrive50i,Ivory White Extended Merino leather
sDrive30i,Black SensaTec
M5 Competition,Silverstone Extended Merino Leather
